<?xml version="1.0" encoding="UTF-8"?>
<project-private xmlns="http://www.netbeans.org/ns/project-private/1">
    <editor-bookmarks xmlns="http://www.netbeans.org/ns/editor-bookmarks/2" lastBookmarkId="0"/>
    <open-files xmlns="http://www.netbeans.org/ns/projectui-open-files/2">
        <group>
            <file>file:/C:/Users/Gerardo%20Ch/Documents/NetBeansProjects/ProyectoPOO-NetBeans-master/src/proyectopoo/AgregarAutor.java</file>
            <file>file:/C:/Users/Gerardo%20Ch/Documents/NetBeansProjects/ProyectoPOO-NetBeans-master/src/proyectopoo/RegistroPrestamos.java</file>
            <file>file:/C:/Users/Gerardo%20Ch/Documents/NetBeansProjects/ProyectoPOO-NetBeans-master/src/proyectopoo/Personas.java</file>
            <file>file:/C:/Users/Gerardo%20Ch/Documents/NetBeansProjects/ProyectoPOO-NetBeans-master/src/proyectopoo/DevolucionPrestamos.java</file>
            <file>file:/C:/Users/Gerardo%20Ch/Documents/NetBeansProjects/ProyectoPOO-NetBeans-master/src/proyectopoo/ProyectoPOO.java</file>
            <file>file:/C:/Users/Gerardo%20Ch/Documents/NetBeansProjects/ProyectoPOO-NetBeans-master/src/proyectopoo/Prestamos.java</file>
        </group>
    </open-files>
</project-private>
